id,canonical_name,category,frequency_count,yayoi_account_id,rakuraku_account_id
1,レギュラーガソリン,給油所,56,,
2,トミーネクサス046 20kg,一般購買,18,,
3,ＪＡ島原雲仙ＢＢ４８号 20kg,一般購買,10,,
4,灯油,給油所,9,,
5,米用紙袋（保有米）,一般購買,7,,
6,セルカ20kg（くみ肥）,一般購買,5,,
7,モスピラン顆粒水溶 250g,一般購買,4,,
8,インゲンＤＢ2kg,一般購買,4,,
9,グレーシア乳剤250ml,一般購買,4,,
10,粒状ＢＭようりん20kg,一般購買,4,,
11,マンモス有機886 20kg,一般購買,3,,
12,光分解テープ 紫,一般購買,3,,
13,その他生産資材 テープナー針,一般購買,3,,
14,ベストガード水溶100g,一般購買,3,,
15,トランスフォームフロアブル250ml,一般購買,3,,
16,セイビアーフロアブル500cc,一般購買,3,,
17,黒マルチ180cm 0.02,一般購買,3,,
18,スタークル顆粒水溶剤100g,一般購買,3,,
19,南島原市廃プラ処理袋,一般購買,2,,
20,Ｄ－Ｄ 20L,一般購買,2,,
21,粒状セルカ20kg（くみ肥）,一般購買,2,,
22,黒マルチ165cm 0.02,一般購買,2,,
23,ファンタジスタ顆粒水和剤 500g,一般購買,2,,
24,テープナー針,一般購買,2,,
25,アフェットフロアブル 500ＭＬ,一般購買,2,,
26,スラゴ 450g,一般購買,2,,
27,パレード20フロアブル250ml,一般購買,2,,
28,プーンゼクテラ箱粒剤1kg,一般購買,2,,
29,ダブルフェースフロアブル 250ＭＬ,一般購買,2,,
30,ドライバー500ml,一般購買,2,,
31,谷シート1.0×800間1.5m,一般購買,2,,
32,インゲンＤＢ2kgＢ品,一般購買,2,,
33,インゲンＤＢ仕切,一般購買,2,,
34,２４－Ｄアミン塩100g,一般購買,2,,
35,マイカ線ハイパー,一般購買,1,,
36,粒状苦土石灰20kg,一般購買,1,,
37,なたね油粕20kg,一般購買,1,,
38,ザンプロＤＭフロアブル250ml,一般購買,1,,
39,ジマンダイセン水和1kg,一般購買,1,,
40,ネオエステリン500cc,一般購買,1,,
41,モスピラン顆粒水溶250g,一般購買,1,,
42,みのるステッキ注入機ＦＩ－２１,一般購買,1,,
43,野菜種子一般小袋 210円,一般購買,1,,
44,芽出し床土2号20kg,一般購買,1,,
45,ミニパッカーΦ25,一般購買,1,,
46,きゅうりネット54m,一般購買,1,,
47,ダブルフェースフロアブル250ＭＬ,一般購買,1,,
48,モスピラン顆粒水溶 100g,一般購買,1,,
49,その他生産資材 テープナー針,一般購買,1,,
50,マブリック水和500g,一般購買,1,,
51,テープナー 針,一般購買,1,,
52,ダコニール1000 500cc,一般購買,1,,
53,トマトトーン20cc,一般購買,1,,
54,パスカルライト金具付8.5×100,一般購買,1,,
55,アルミ巻取機 ＳＡ仕様Ｌ００,一般購買,1,,
56,パスカルライト金具付8.5×3,一般購買,1,,
57,φ8.5ハイタッチコックＧ１／４,一般購買,1,,
58,野菜テープ 青,一般購買,1,,
59,ウララＤＦ250g,一般購買,1,,
60,アグリードＣフロアブル100ｃｃ,一般購買,1,,
61,スミチオン乳100cc,一般購買,1,,
62,より戻し 8.5,農業機械,1,,
63,ノービエース0.1x770x50片梨,一般購買,1,,
64,ビシロックフロアブル500ml,一般購買,1,,
65,サンマイトフロアブル500cc,一般購買,1,,
66,アグリメック500ml,一般購買,1,,
67,ショウチノスケフロアブル250ml,一般購買,1,,
68,ドライバー5L,一般購買,1,,
69,ゾーベックエンテクタＳＥ100ml,一般購買,1,,
70,田植たび ＹＣ－２１先丸27,一般購買,1,,
71,ダコニールフロアブル250ml,一般購買,1,,
72,スラッシュ3キロ粒剤3kg,一般購買,1,,
73,フルピカフロアブル250cc,一般購買,1,,
74,オイルエレメント,給油所,1,,
75,ＪＡ－ＯＩＬ ＳＮスペシャル 5Ｗ－30,給油所,1,,
76,ＪＡ－ＯＩＬディーゼルＣＦ 10Ｗ－30,給油所,1,,
77,炭酸苦土石灰10％20kg,一般購買,1,,
78,オーケストラロムダンモンカット粉剤ＤＬ３,一般購買,1,,
79,ＮＫ化成Ｃ３号 20kg,一般購買,1,,
80,白黒Ｗマルチ 180,一般購買,1,,
81,潅水チューブ 黒,一般購買,1,,
82,ダブルカットバリダトレボン粉３ＤＬ３ＫＣ,一般購買,1,,
83,ラウンドアップマックスロード5.5L,一般購買,1,,
84,ボルトナット3/8×125,一般購買,1,,
85,エクシード粉剤ＤＬ３kg,一般購買,1,,
86,その他生産資材 光分解テープ 緑,一般購買,1,,
87,インゲン種子スラットワンダーＬ,一般購買,1,,
88,ベルクート水和500g,一般購買,1,,
89,ベストガード水溶500g,一般購買,1,,
90,ウェザーシート 1×150×55,一般購買,1,,
91,谷材2×100×50×250Ｗ,一般購買,1,,
92,妻柱50×50×1.6×2300,一般購買,1,,
93,妻用ユニバーサル22φ用,一般購買,1,,
94,ボルトナットドブ漬品3/8×25,一般購買,1,,
95,ボルトナットドブ漬品3/8×125,一般購買,1,,
96,その他生産資材 平テープ5cm,一般購買,1,,
97,ベトファイター顆粒水和500g,一般購買,1,,
98,米用紙袋（保有米） 使用しない為返品,一般購買,1,,
99,フェニックス顆粒水和剤250g,一般購買,1,,
100,ハウスバンドマイカー線ハイパー,一般購買,1,,
101,その他包装資材（園芸）クラフトテープ 白,一般購買,1,,
102,コロマイト乳500cc,一般購買,1,,
103,補修・補強テープ,一般購買,1,,
104,ＪＡ島原雲仙ＢＢ４８号 20kg 返品,一般購買,1,,
105,グレーシア乳剤500ml,一般購買,1,,
106,黒マルチ180cm,一般購買,1,,
107,芽出し床土2号20kg,一般購買,1,,
108,ウララＤＦ250g,一般購買,1,,
109,ネオエステリン500cc,一般購買,1,,
110,モスピラン顆粒水溶 250g,一般購買,1,,
111,トランスフォームフロアブル250ml,一般購買,1,,
112,ダブルフェースフロアブル 250ＭＬ,一般購買,1,,
113,アフェットフロアブル 500ＭＬ,一般購買,1,,
