,,,,,,
現金-入金,,,,,,
,,,,,,
index,摘要名,検索文字,科目,税率,事業割合,預金と共有
1,大農具売却 （評価額分）,dainougu,農機具等 （資産）, ,,TRUE
2,源泉税預り,gensen,預り金, ,,TRUE
3,一時所得,itizi,事業主借, ,,TRUE
4,借入金入金,kariire,借入金, ,,TRUE
5,米販売代金,kome,水稲,8%,,TRUE
6,給料入金,kyuuryou,農外収入, ,,TRUE
7,前受金入金,maeuke,前受金, ,,TRUE
8,未成熟果樹収入,miseizyuku,未成熟果樹・育成中牛馬等,8%,,TRUE
9,農外収入,nougai,農外収入, ,,TRUE
10,資産売却益,sisan,事業主借, ,,TRUE
11,定期預金取崩,teiki,定期預金, ,,TRUE
12,売掛入金,urikake,売掛金, ,,TRUE
13,預金引出 （営農口座より）,yokin,営農口座 【普通預金】, ,,FALSE
14,預金引出（直売取引口座より）,yokinhikidasi,直売口座 【普通預金】, ,,FALSE
15,雑収入,zatu,雑収入,10%,,TRUE
16,事業主より借入,zigyou,事業主借, ,,TRUE
,,,,,,
,,,,,,
現金-出金,,,,,,
,,,,,,
index,摘要名,検索文字,科目,税率,事業割合,預金と共有
1,租税公課,sozei,租税公課,不,100,TRUE
2,水道料金,suidou,動力光熱費,10%,50,TRUE
3,水稲共済,suitou,農業共済掛金,非,100,TRUE
4,諸材料購入,syozairyou,諸材料費,10%,100,TRUE
5,種苗費,syubyou,種苗費,10%,100,TRUE
6,修理代,syuuri,修繕費,10%,100,TRUE
7,種籾購入,tanemomi,種苗費,10%,100,TRUE
8,建物・構築物購入,tatemono,建物・構築物 （資産）, ,,TRUE
9,定期預金積立,teiki,定期預金, ,,TRUE
10,地代,tidai,地代・賃借料,非,100,TRUE
11,賃借料,tinsyaku,地代・賃借料,10%,100,TRUE
12,土地改良費,toti,土地改良費,不,100,TRUE
13,灯油代金,touyu,動力光熱費,10%,100,TRUE
14,野菜の種・苗購入,yasai,種苗費,10%,100,TRUE
15,雇人費,yatoi,雇人費,不,100,TRUE
16,雑費,zappi,雑費,10%,100,TRUE
17,事業主分,zigyou,事業主貸, ,,TRUE
,,,,,,
,,,,,,
預金-入金,,,,,,
,,,,,,
index,摘要名,検索文字,科目,税率,事業割合,現金と共有
1,大農具売却 （評価額分）,dainougu,農機具等 （資産）, ,,TRUE
2,現金預入,genkin,現金, ,,FALSE
3,源泉税預り,gensen,預り金, ,,TRUE
4,一時所得,itizi,事業主借, ,,TRUE
5,借入金入金,kariire,借入金, ,,TRUE
6,米販売代金,kome,水稲,8%,,TRUE
7,給料入金,kyuuryou,農外収入, ,,TRUE
8,前受金入金,maeuke,前受金, ,,TRUE
9,未成熟果樹収入,miseizyuku,未成熟果樹・育成中牛馬等,8%,,TRUE
10,年金入金,nenkin,農外収入, ,,FALSE
11,農外収入,nougai,農外収入, ,,TRUE
12,資産売却益,sisan,事業主借, ,,TRUE
13,定期預金取崩,teiki,定期預金, ,,TRUE
14,売掛入金,urikake,売掛金, ,,TRUE
15,預金利息,yokin,事業主借, ,,FALSE
16,雑収入,zatu,雑収入,10%,,TRUE
17,事業主より借入,zigyou,事業主借, ,,TRUE
,,,,,,
,,,,,,
預金-出金,,,,,,
,,,,,,
index,摘要名,検索文字,科目,税率,事業割合,現金と共有
1,水道料金,suidou,動力光熱費,10%,50,TRUE
2,水稲共済,suitou,農業共済掛金,非,100,TRUE
3,諸材料購入,syozairyou,諸材料費,10%,100,TRUE
4,種苗費,syubyou,種苗費,10%,100,TRUE
5,修理代,syuuri,修繕費,10%,100,TRUE
6,種籾購入,tanemomi,種苗費,10%,100,TRUE
7,建物・構築物購入,tatemono,建物・構築物 （資産）, ,,TRUE
8,定期預金積立,teiki,定期預金, ,,TRUE
9,地代,tidai,地代・賃借料,非,100,TRUE
10,賃借料,tinsyaku,地代・賃借料,10%,100,TRUE
11,土地改良費,toti,土地改良費,不,100,TRUE
12,灯油代金,touyu,動力光熱費,10%,100,TRUE
13,野菜の種・苗購入,yasai,種苗費,10%,100,TRUE
14,雇人費,yatoi,雇人費,不,100,TRUE
15,預金引出,yokin,現金, ,,FALSE
16,雑費,zappi,雑費,10%,100,TRUE
17,事業主分,zigyou,事業主貸, ,,TRUE
,,,,,,
,,,,,,
売掛-販売,,,,,,
,,,,,,
index,摘要名,検索文字,科目,税率,事業割合,
1,インゲン販売代金,ingen,インゲン,8%,,
2,米販売代金,kome,水稲,8%,,
3,出荷奨励金,syukka,雑収入,10%,,
4,直売所販売代金,tyoku,キュウリ類,8%,,
,,,,,,
,,,,,,
売掛-入金,,,,,,
,,,,,,
index,摘要名,検索文字,科目,税率,事業割合,
1,荷造運賃手数料,nidukuri,荷造運賃手数料,10%,100,
2,売掛入金 （営農口座へ）,urikake,営農口座 【普通預金】, ,,
3,売掛入金 （現金）,urikake,現金, ,,
4,売掛入金（直売口座へ）,urikake,直売口座 【普通預金】, ,,
,,,,,,
,,,,,,
買掛－購入,,,,,,
,,,,,,
index,摘要名,検索文字,科目,税率,事業割合,
1,ガソリン類購入,gasorin,動力光熱費,10%,100,
2,肥料購入,hiryou,肥料費,10%,100,
3,農具購入,niugu,農具費,10%,100,
4,農薬購入,nouyaku,農薬衛生費,10%,100,
5,資材購入,sizai,諸材料費,10%,100,
6,種苗費,syubyou,種苗費,10%,100,
7,修繕資材購入,syuuzen,修繕費,10%,100,
,,,,,,
,,,,,,
買掛－出金,,,,,,
,,,,,,
index,摘要名,検索文字,科目,税率,事業割合,
,買掛支払 （営農口座より）,kaikake,営農口座 【普通預金】, ,,
,買掛支払 （現金）,kaikake,現金, ,,
