勘定科目,サーチキー英字,サーチキー数字,借貸,区分C,区分B,区分A,購買取引使用,預金取引使用,親科目
現金,genkin,100,借,【現金・預金】,【流動資産】,【資産】,FALSE,TRUE,
普通預金,hutuu,101,借,【現金・預金】,【流動資産】,【資産】,FALSE,FALSE,
営農口座,einou,102,借,【現金・預金】,【流動資産】,【資産】,FALSE,TRUE,2
直売口座,tyokubai,103,借,【現金・預金】,【流動資産】,【資産】,FALSE,TRUE,2
売掛金,urikake,104,借,【売上債権】,【流動資産】,【資産】,FALSE,TRUE,
未収金,misyuu,105,借,【売上債権】,【流動資産】,【資産】,FALSE,TRUE,
有価証券,yuuka,106,借,【有価証券】,【流動資産】,【資産】,FALSE,TRUE,
農産物等 （資産）,nousanbutu,107,借,【棚卸資産】,【流動資産】,【資産】,FALSE,TRUE,
未収穫農産物等,misyuukaku,108,借,【棚卸資産】,【流動資産】,【資産】,FALSE,TRUE,
未成熟果樹・育成中牛馬等,miseizyuku,109,借,【棚卸資産】,【流動資産】,【資産】,FALSE,TRUE,
肥料その他の貯蔵品,hiryou,110,借,【棚卸資産】,【流動資産】,【資産】,FALSE,TRUE,
前払金,maebarai,111,借,【他流動資産】,【流動資産】,【資産】,FALSE,TRUE,
貸付金,kasituke,112,借,【他流動資産】,【流動資産】,【資産】,FALSE,TRUE,
建物・構築物 （資産）,tatemono,113,借,【有形固定資産】,【固定資産】,【資産】,FALSE,TRUE,
農機具等 （資産）,noukigu,114,借,【有形固定資産】,【固定資産】,【資産】,FALSE,TRUE,
果樹・牛馬等 （資産）,kazyu,115,借,【有形固定資産】,【固定資産】,【資産】,FALSE,TRUE,
土地,toti,116,借,【有形固定資産】,【固定資産】,【資産】,FALSE,TRUE,
土地改良事業受益者負担金,totikairyou,117,借,【繰延資産】,【繰延資産】,【資産】,FALSE,TRUE,
事業主貸,zigyounusi,118,借,【事業主貸】,【事業主貸】,【資産】,FALSE,TRUE,
家計費,kakeihi,119,借,【事業主貸】,【事業主貸】,【資産】,FALSE,TRUE,
買掛金,kaikake,200,貸,【仕入債務】,【流動負債】,【負債】,FALSE,TRUE,
借入金,kariire,201,貸,【他流動負債】,【流動負債】,【負債】,FALSE,TRUE,
未払金,mibarai,202,貸,【他流動負債】,【流動負債】,【負債】,FALSE,TRUE,
前受金,maeuke,203,貸,【他流動負債】,【流動負債】,【負債】,FALSE,TRUE,
預り金,azukari,204,貸,【他流動負債】,【流動負債】,【負債】,FALSE,TRUE,
貸倒引当金,kasidaore,205,貸,【他流動負債】,【流動負債】,【負債】,FALSE,TRUE,
事業主借,zigyounusi,206,貸,【事業主借】,【事業主借】,【負債】,FALSE,TRUE,
元入金,motoire,300,貸,【資本】,【資本】,【資本】,FALSE,TRUE,
青申特別控除前の所得金額,kouzyo,301,貸,【資本】,【資本】,【資本】,FALSE,TRUE,
水稲,suito,400,貸,【収入金額】,【収入金額】,【経常損益】,FALSE,TRUE,
インゲン,ingen,401,貸,【収入金額】,【収入金額】,【経常損益】,FALSE,TRUE,
キュウリ類,kyuuri,402,貸,【収入金額】,【収入金額】,【経常損益】,FALSE,TRUE,
家事消費,kazisyouhi,403,貸,【収入金額】,【収入金額】,【経常損益】,FALSE,TRUE,
事業消費,zigyousyouhi,404,貸,【収入金額】,【収入金額】,【経常損益】,FALSE,TRUE,
雑収入,zatu,405,貸,【収入金額】,【収入金額】,【経常損益】,FALSE,TRUE,
租税公課,sozei,500,借,【経費】,【経費】,【経常損益】,FALSE,TRUE,
種苗費,syubyou,501,借,【経費】,【経費】,【経常損益】,TRUE,TRUE,
素畜費,mototiku,502,借,【経費】,【経費】,【経常損益】,FALSE,TRUE,
肥料費,hiryou,503,借,【経費】,【経費】,【経常損益】,TRUE,TRUE,
飼料費,siryou,504,借,【経費】,【経費】,【経常損益】,FALSE,TRUE,
農具費,nougu,505,借,【経費】,【経費】,【経常損益】,TRUE,TRUE,
農薬衛生費,nouyaku,506,借,【経費】,【経費】,【経常損益】,TRUE,TRUE,
諸材料費,syozairyou,507,借,【経費】,【経費】,【経常損益】,TRUE,TRUE,
修繕費,syuuzen,508,借,【経費】,【経費】,【経常損益】,TRUE,TRUE,
動力光熱費,douryoku,509,借,【経費】,【経費】,【経常損益】,TRUE,TRUE,
作業用衣料費,sagyou,510,借,【経費】,【経費】,【経常損益】,TRUE,TRUE,
農業共済掛金,nougyou,511,借,【経費】,【経費】,【経常損益】,FALSE,TRUE,
減価償却費,genka,512,借,【経費】,【経費】,【経常損益】,FALSE,TRUE,
荷造運賃手数料,nidukuri,513,借,【経費】,【経費】,【経常損益】,FALSE,TRUE,
雇人費,yatoinin,514,借,【経費】,【経費】,【経常損益】,FALSE,TRUE,
利子割引料,risi,515,借,【経費】,【経費】,【経常損益】,FALSE,TRUE,
地代・賃借料,tidai,516,借,【経費】,【経費】,【経常損益】,FALSE,TRUE,
土地改良費,totikairyou,517,借,【経費】,【経費】,【経常損益】,FALSE,TRUE,
通信費,tuusinn,518,借,【経費】,【経費】,【経常損益】,FALSE,TRUE,
作業委託料,sagyouitaku,519,借,【経費】,【経費】,【経常損益】,FALSE,TRUE,
水利費,suirihi,520,借,【経費】,【経費】,【経常損益】,FALSE,TRUE,
雑費,zappi,521,借,【経費】,【経費】,【経常損益】,FALSE,TRUE,
経費から差し引く育成費用,ikuseihiyou,522,貸,【農産外棚卸高】,【経費】,【経常損益】,FALSE,TRUE,
貸倒引当金戻,kasidaore,600,貸,【繰戻額等】,【繰戻額等】,【引当金等】,FALSE,TRUE,
貸倒引当金繰入,kasidaore,601,借,【繰入額等】,【繰入額等】,【引当金等】,FALSE,TRUE,
専従者給与,senzyuusya,602,借,【繰入額等】,【繰入額等】,【引当金等】,FALSE,TRUE,
