勘定科目,サーチキー英字,サーチキー数字,借貸,区分C,区分B,区分A,購買取引使用,預金取引使用,親科目
現金,GENKIN,100,借,【現金・預金】,【流動資産】,【資産】,FALSE,TRUE,
当座預金,TOUZAYO,102,借,【現金・預金】,【流動資産】,【資産】,FALSE,TRUE,
普通預金,FUTSUUYO,103,借,【現金・預金】,【流動資産】,【資産】,FALSE,FALSE,
定期預金,TEIKIYO,105,借,【現金・預金】,【流動資産】,【資産】,FALSE,TRUE,
郵便貯金,YUBIN,106,借,【現金・預金】,【流動資産】,【資産】,FALSE,TRUE,
その他預金,SONOTAYO,107,借,【現金・預金】,【流動資産】,【資産】,FALSE,TRUE,
受取手形,UKETORI,120,借,【売上債権】,【流動資産】,【資産】,FALSE,TRUE,
売掛金,URIKAKE,121,借,【売上債権】,【流動資産】,【資産】,FALSE,TRUE,
未収金,MISHUUKI,122,借,【売上債権】,【流動資産】,【資産】,FALSE,TRUE,
有価証券,YUUKASHO,140,借,【有価証券】,【流動資産】,【資産】,FALSE,TRUE,
農産物等,NOUSANBU,150,借,【棚卸資産】,【流動資産】,【資産】,FALSE,TRUE,
未収穫農産物等,MISHUUKA,151,借,【棚卸資産】,【流動資産】,【資産】,FALSE,TRUE,
農産物以外,NOUSANBU,152,借,【棚卸資産】,【流動資産】,【資産】,FALSE,TRUE,
育成中生物,IKUSEICH,153,借,【棚卸資産】,【流動資産】,【資産】,FALSE,TRUE,
原材料,GENZAIRY,154,借,【棚卸資産】,【流動資産】,【資産】,FALSE,TRUE,
雑資産,ZATSUSHI,155,借,【棚卸資産】,【流動資産】,【資産】,FALSE,TRUE,
前払金,MAEBARAI,160,借,【他流動資産】,【流動資産】,【資産】,FALSE,TRUE,
貸付金,KASHITSU,161,借,【他流動資産】,【流動資産】,【資産】,FALSE,TRUE,
仮払金,KARIBARA,162,借,【他流動資産】,【流動資産】,【資産】,FALSE,TRUE,
立替金,TATEKAE,163,借,【他流動資産】,【流動資産】,【資産】,FALSE,TRUE,
仮払消費税等,KARIBARA,165,借,【他流動資産】,【流動資産】,【資産】,FALSE,TRUE,
建物,TATEMONO,200,借,【有形固定資産】,【固定資産】,【資産】,FALSE,TRUE,
附属設備,FUZOKUSE,201,借,【有形固定資産】,【固定資産】,【資産】,FALSE,TRUE,
構築物,KOUCHIKU,202,借,【有形固定資産】,【固定資産】,【資産】,FALSE,TRUE,
機械装置,KIKAISO,203,借,【有形固定資産】,【固定資産】,【資産】,FALSE,TRUE,
農機具,NOUKIGU,204,借,【有形固定資産】,【固定資産】,【資産】,FALSE,TRUE,
車両運搬具,SHARYOU,205,借,【有形固定資産】,【固定資産】,【資産】,FALSE,TRUE,
工具器具備品,KOUGUKI,206,借,【有形固定資産】,【固定資産】,【資産】,FALSE,TRUE,
牛馬等,GYUUBA,207,借,【有形固定資産】,【固定資産】,【資産】,FALSE,TRUE,
果樹等,KAJU,208,借,【有形固定資産】,【固定資産】,【資産】,FALSE,TRUE,
土地,TOCHI,211,借,【有形固定資産】,【固定資産】,【資産】,FALSE,TRUE,
一括償却資産,IKKATSUS,212,借,【有形固定資産】,【固定資産】,【資産】,FALSE,TRUE,
電話加入権,DENWA,250,借,【無形固定資産】,【固定資産】,【資産】,FALSE,TRUE,
施設利用権,SHISETSU,251,借,【無形固定資産】,【固定資産】,【資産】,FALSE,TRUE,
借地権,SHAKUCHI,252,借,【無形固定資産】,【固定資産】,【資産】,FALSE,TRUE,
ソフトウェア,SOFTWARE,253,借,【無形固定資産】,【固定資産】,【資産】,FALSE,TRUE,
投資等,TOUSHI,260,借,【投資等】,【固定資産】,【資産】,FALSE,TRUE,
開業費,KAIGYOU,280,借,【繰延資産】,【繰延資産】,【資産】,FALSE,TRUE,
事業主貸,JIGYOU,291,借,【事業主貸】,【事業主貸】,【資産】,FALSE,TRUE,
資産譲渡損,SHISANJO,292,借,【事業主貸】,【事業主貸】,【資産】,FALSE,TRUE,
支払手形,SHIHARAI,300,貸,【仕入債務】,【流動負債】,【負債】,FALSE,TRUE,
買掛金,KAIKAKE,301,貸,【仕入債務】,【流動負債】,【負債】,FALSE,TRUE,
借入金,KARIIREK,320,貸,【他流動負債】,【流動負債】,【負債】,FALSE,TRUE,
未払金,MIHARAIK,321,貸,【他流動負債】,【流動負債】,【負債】,FALSE,TRUE,
前受金,MAEUKEKI,323,貸,【他流動負債】,【流動負債】,【負債】,FALSE,TRUE,
預り金,AZUKARIK,324,貸,【他流動負債】,【流動負債】,【負債】,FALSE,TRUE,
仮受金,KARIUKEK,328,貸,【他流動負債】,【流動負債】,【負債】,FALSE,TRUE,
仮受消費税等,KARIUKES,330,貸,【他流動負債】,【流動負債】,【負債】,FALSE,TRUE,
貸倒引当金,KASHIDAO,334,貸,【他流動負債】,【流動負債】,【負債】,FALSE,TRUE,
事業主借,JIGYOU,390,貸,【事業主借】,【事業主借】,【負債】,FALSE,TRUE,
受取利息,UKETORIR,391,貸,【事業主借】,【事業主借】,【負債】,FALSE,TRUE,
受取配当,UKETORIH,392,貸,【事業主借】,【事業主借】,【負債】,FALSE,TRUE,
資産売却益,SHISANBA,393,貸,【事業主借】,【事業主借】,【負債】,FALSE,TRUE,
元入金,MOTOIRE,400,貸,【資本】,【資本】,【資本】,FALSE,TRUE,
売上高,URIAGE,500,貸,【収入金額】,【収入金額】,【経常損益】,FALSE,TRUE,
家事消費等,KAJISYO,524,貸,【収入金額】,【収入金額】,【経常損益】,FALSE,TRUE,
雑収入,ZATUSYU,529,貸,【収入金額】,【収入金額】,【経常損益】,FALSE,TRUE,
期首農産物棚卸,KISYUNOU,530,借,【農産物棚卸高】,【収入金額】,【経常損益】,FALSE,TRUE,
期末農産物棚卸,KIMATUNO,540,貸,【農産物棚卸高】,【収入金額】,【経常損益】,FALSE,TRUE,
租税公課,SOZEI,601,借,【経費】,【経費】,【経常損益】,FALSE,TRUE,
種苗費,SHUBYOU,602,借,【経費】,【経費】,【経常損益】,TRUE,TRUE,
素畜費,SOCHIKU,603,借,【経費】,【経費】,【経常損益】,FALSE,TRUE,
肥料費,HIRYOU,604,借,【経費】,【経費】,【経常損益】,TRUE,TRUE,
飼料費,SHIRYOU,605,借,【経費】,【経費】,【経常損益】,FALSE,TRUE,
農具費,NOUGU,606,借,【経費】,【経費】,【経常損益】,TRUE,TRUE,
農薬費,NOUYAKU,607,借,【経費】,【経費】,【経常損益】,TRUE,TRUE,
衛生費,EISEI,608,借,【経費】,【経費】,【経常損益】,TRUE,TRUE,
諸材料費,SHOZAI,609,借,【経費】,【経費】,【経常損益】,TRUE,TRUE,
修繕費,SHUUZEN,610,借,【経費】,【経費】,【経常損益】,TRUE,TRUE,
動力光熱費,DOURYOKU,611,借,【経費】,【経費】,【経常損益】,TRUE,TRUE,
作業用衣料費,SAGYOU,612,借,【経費】,【経費】,【経常損益】,TRUE,TRUE,
農業共済掛金,NOUGYOU,613,借,【経費】,【経費】,【経常損益】,FALSE,TRUE,
減価償却費,GENKASHO,614,借,【経費】,【経費】,【経常損益】,FALSE,TRUE,
荷造運賃手数料,NIZUKURI,615,借,【経費】,【経費】,【経常損益】,FALSE,TRUE,
雇人費,YATOININ,616,借,【経費】,【経費】,【経常損益】,FALSE,TRUE,
利子割引料,RISHIWAR,617,借,【経費】,【経費】,【経常損益】,FALSE,TRUE,
手形売却損,TEGATABA,631,借,【経費】,【経費】,【経常損益】,FALSE,TRUE,
地代家賃,CHIDAI,618,借,【経費】,【経費】,【経常損益】,FALSE,TRUE,
賃借料,CHINSHAK,619,借,【経費】,【経費】,【経常損益】,FALSE,TRUE,
土地改良費,TOCHIKAI,620,借,【経費】,【経費】,【経常損益】,FALSE,TRUE,
旅費交通費,RYOHI,621,借,【経費】,【経費】,【経常損益】,FALSE,TRUE,
通信費,TSUUSHIN,622,借,【経費】,【経費】,【経常損益】,FALSE,TRUE,
消耗品費,SHOUMOU,623,借,【経費】,【経費】,【経常損益】,FALSE,TRUE,
福利厚生費,FUKURI,624,借,【経費】,【経費】,【経常損益】,FALSE,TRUE,
研修費,KENSHUU,625,借,【経費】,【経費】,【経常損益】,FALSE,TRUE,
販売促進費,HANBAISO,626,借,【経費】,【経費】,【経常損益】,FALSE,TRUE,
接待交際費,SETTAIKO,627,借,【経費】,【経費】,【経常損益】,FALSE,TRUE,
支払手数料,SHIHARAI,628,借,【経費】,【経費】,【経常損益】,FALSE,TRUE,
車両費,SHARYOU,629,借,【経費】,【経費】,【経常損益】,FALSE,TRUE,
リース料,RI-SU,630,借,【経費】,【経費】,【経常損益】,FALSE,TRUE,
繰延資産償却,KURINOBE,640,借,【経費】,【経費】,【経常損益】,FALSE,TRUE,
雑費,ZAPPI,641,借,【経費】,【経費】,【経常損益】,FALSE,TRUE,
期首農産物以外,KISHUNOU,656,借,【農産外棚卸高】,【経費】,【経常損益】,FALSE,TRUE,
期末農産物以外,KIMATSUN,657,貸,【農産外棚卸高】,【経費】,【経常損益】,FALSE,TRUE,
経費差引育成費,KEIHISAS,658,貸,【農産外棚卸高】,【経費】,【経常損益】,FALSE,TRUE,
貸倒引当金戻,KASHIDAO,700,貸,【繰戻額等】,【繰戻額等】,【引当金等】,FALSE,TRUE,
貸倒引当金繰入,KASHIDAO,710,借,【繰入額等】,【繰入額等】,【引当金等】,FALSE,TRUE,
専従者給与,SENJUU,711,借,【繰入額等】,【繰入額等】,【引当金等】,FALSE,TRUE,
