取引日,取引通番,摘要,金額,メモ
2025-10-03,0000001,電気料 デンリヨク 07-09,-3852,
2025-10-03,0000002,電気料 デントウ  07-09,-16722,
2025-10-03,0000003,電気料 デントウ  07-09,-6022,
2025-10-06,0000001,利用料 ヒマワリTV,-6160,
2025-10-07,0000001,ATM出金,-20000,
2025-10-10,0000001,クレジット ミツビシUF,-6311,
2025-10-14,0000001,ATM出金 セブンギンコウテイケイ,-20000,
2025-10-15,0000001,石油類 石油類,-26760,
2025-10-15,0000002,購買品 購買品,-307736,
2025-10-16,0000001,ATM出金,-30000,
2025-10-18,0000001,ATM出金,-120000,
2025-10-22,0000001,口座振替 給食費,-4500,
2025-10-22,0000002,口座振替 給食費,-4500,
2025-10-22,0000003,振替 シロタトシロウ,3000000,
2025-10-27,0000001,NHK NHK,-12276,
2025-10-27,0000002,口座振替 SMCC(KDDIリヨウキン,-1699,
2025-10-27,0000003,口座振替 SMCC(コ-プキヨウサイ,-2100,
2025-10-27,0000004,口座振替 SMCC(オブリガスダ,-3776,
2025-10-27,0000005,口座振替 DF.コメリカ-ド,-21346,
2025-10-27,0000006,口座振替 ペイペイカ-ド,-36460,
2025-10-27,0000007,口座振替 SMBC(ミツイスミトモギ,-350000,
2025-10-31,0000001,水道料 上下水道使用料,-3800,
2025-10-31,0000002,電話料 エヌテイテイデンワ,-5812,
2025-10-31,0000003,保険料 国民年金,-17910,
2025-10-31,0000004,保険料 国民年金,-17910,
2025-10-31,0000005,国民保険税 南島原市,-103000,
2025-10-31,0000006,し尿処理料,-2340,
2025-11-04,0000001,電気料 デンリヨク 07-10,-1991,
2025-11-04,0000002,電気料 デントウ  07-10,-11802,
2025-11-04,0000003,電気料 デントウ  07-10,-2830,
2025-11-07,0000001,敷地料 九電敷地料,26610,
2025-11-10,0000001,クレジット ミツビシUF,-6311,
2025-11-17,0000001,いんげん インゲン   1029,8897,
2025-11-17,0000002,いんげん インゲン   1029,8898,
2025-11-17,0000003,いんげん インゲン   1031,26694,
2025-11-17,0000004,石油類 石油類,-15810,
2025-11-17,0000005,購買品 購買品,-53551,
2025-11-21,0000001,いんげん インゲン   1107,30140,
2025-11-21,0000002,いんげん インゲン   1105,26080,
2025-11-21,0000003,いんげん インゲン   1103,45497,
2025-11-25,0000001,口座振替 SMCC(KDDIリヨウキン,-1951,
2025-11-25,0000002,建更掛金 ネン 0493,-12647,
2025-11-25,0000003,建更掛金 ネン 0492,-33417,
2025-11-25,0000004,口座振替 給食費,-4500,
2025-11-25,0000005,口座振替 給食費,-4500,
2025-11-26,0000001,口座振替 SMCC(コ-プキヨウサイ,-2100,
2025-11-26,0000002,口座振替 SMCC(オブリガスダ,-4401,
2025-11-26,0000003,口座振替 DF.コメリカ-ド,-53755,
2025-11-27,0000001,口座振替 ペイペイカ-ド,-164460,
2025-11-27,0000002,口座振替 SMBC(ミツイスミトモギ,-350000,
2025-12-01,0000001,水道料 上下水道使用料,-4550,
2025-12-01,0000002,電話料 エヌテイテイデンワ,-5803,
2025-12-01,0000003,保険料 国民年金,-17910,
2025-12-01,0000004,保険料 国民年金,-17910,
2025-12-01,0000005,固定資産税 南島原市,-37000,
2025-12-01,0000006,国民保険税 南島原市,-103000,
2025-12-01,0000007,し尿処理料,-8370,
2025-12-03,0000001,電気料 デンリヨク 07-11,-1991,
2025-12-03,0000002,電気料 デントウ  07-11,-9947,
2025-12-03,0000003,電気料 デントウ  07-11,-1896,
2025-12-04,0000001,いんげん インゲン   1112,13937,
2025-12-04,0000002,いんげん インゲン   1114,11404,
2025-12-04,0000003,いんげん インゲン   1110,73100,
2025-12-04,0000004,いんげん インゲン   1112,78000,
2025-12-04,0000005,いんげん インゲン   1114,66351,
2025-12-04,0000006,利用料 ヒマワリTV,-6160,
